text,timestamp
"I'm really happy with the new work environment and team collaboration.",2024-01-01
"The workload has been quite stressful lately, but I appreciate the support from my colleagues.",2024-01-02
"Great team meeting today! Everyone was engaged and contributed valuable ideas.",2024-01-03
"I'm feeling a bit overwhelmed with the current project deadlines.",2024-01-04
"The new office space is amazing and has improved our productivity.",2024-01-05
"I'm concerned about the lack of communication between departments.",2024-01-06
"Really excited about the new training opportunities being offered.",2024-01-07
"The work-life balance has been challenging this month.",2024-01-08
"Management has been very supportive during this transition period.",2024-01-09
"I'm frustrated with the technical issues we're facing daily.",2024-01-10 